Identificador,Nome completo,Curso (abrev.),Dt. falta,Tipo falta,Materia ou módulo,Sesión,Xustificada
1,Adrián López Fernández,2DAM,15/09/2026,Inxustificada,Programación de servizos e procesos,1,Non
2,Adrián López Fernández,2DAM,17/09/2026,Inxustificada,Acceso a datos,2,Non
3,Adrián López Fernández,2DAM,22/09/2026,Retraso,Desenvolvemento de interfaces,1,Si
4,Beatriz González Castro,2DAM,14/09/2026,Inxustificada,Sistemas de xestión empresarial,3,Non
5,Beatriz González Castro,2DAM,18/09/2026,Inxustificada,Programación multimedia e dispositivos móbiles,2,Si
6,Beatriz González Castro,2DAM,24/09/2026,Retraso,Programación de servizos e procesos,1,Non
7,Carlos Martínez Pérez,2DAM,10/09/2026,Inxustificada,Acceso a datos,1,Non
8,Carlos Martínez Pérez,2DAM,16/09/2026,Inxustificada,Desenvolvemento de interfaces,2,Si
9,Carlos Martínez Pérez,2DAM,23/09/2026,Inxustificada,Programación multimedia e dispositivos móbiles,3,Non
10,Daniela Rodríguez Silva,2DAM,11/09/2026,Retraso,Programación de servizos e procesos,2,Non
11,Daniela Rodríguez Silva,2DAM,15/09/2026,Inxustificada,Acceso a datos,1,Si
12,Daniela Rodríguez Silva,2DAM,25/09/2026,Inxustificada,Sistemas de xestión empresarial,2,Non
13,Elena Fernández Vázquez,2DAM,09/09/2026,Inxustificada,Desenvolvemento de interfaces,1,Si
14,Elena Fernández Vázquez,2DAM,19/09/2026,Inxustificada,Programación multimedia e dispositivos móbiles,2,Non
15,Elena Fernández Vázquez,2DAM,23/09/2026,Retraso,Acceso a datos,3,Non
16,Fernando Castro López,2DAM,12/09/2026,Inxustificada,Programación de servizos e procesos,1,Non
17,Fernando Castro López,2DAM,18/09/2026,Inxustificada,Acceso a datos,2,Non
18,Fernando Castro López,2DAM,24/09/2026,Inxustificada,Desenvolvemento de interfaces,3,Si
19,Lucía Santos Pérez,2DAM,08/09/2026,Inxustificada,Sistemas de xestión empresarial,1,Non
20,Lucía Santos Pérez,2DAM,16/09/2026,Retraso,Programación multimedia e dispositivos móbiles,2,Si
21,Lucía Santos Pérez,2DAM,22/09/2026,Inxustificada,Programación de servizos e procesos,3,Non
22,Manuel Iglesias Gómez,2DAM,14/09/2026,Inxustificada,Acceso a datos,2,Non
23,Manuel Iglesias Gómez,2DAM,20/09/2026,Inxustificada,Programación de servizos e procesos,1,Si
24,Manuel Iglesias Gómez,2DAM,25/09/2026,Retraso,Desenvolvemento de interfaces,2,Non
25,Noa Varela Rodríguez,2DAM,10/09/2026,Inxustificada,Programación multimedia e dispositivos móbiles,1,Non
26,Noa Varela Rodríguez,2DAM,17/09/2026,Inxustificada,Sistemas de xestión empresarial,2,Si
27,Noa Varela Rodríguez,2DAM,23/09/2026,Inxustificada,Acceso a datos,3,Non
28,Pablo Méndez Castro,2DAM,11/09/2026,Retraso,Desenvolvemento de interfaces,1,Non
29,Pablo Méndez Castro,2DAM,18/09/2026,Inxustificada,Programación de servizos e procesos,2,Non
30,Pablo Méndez Castro,2DAM,24/09/2026,Inxustificada,Programación multimedia e dispositivos móbiles,1,Si